Track URI,Track Name,Album Name,Artist Name(s),Release Date,Duration (ms),Popularity,Explicit,Added By,Added At,Genres,Record Label,Danceability,Energy,Key,Loudness,Mode,Speechiness,Acousticness,Instrumentalness,Liveness,Valence,Tempo,Time Signature
spotify:track:3SnGymj6ijE2iuUfWxLo1q,"I'm Coming Out","Diana","Diana Ross",1980-05-22,323346,72,false,brunocaivanophy,2021-12-01T20:55:12Z,"motown,disco","UNI/MOTOWN",0.72,0.828,5,-9.211,1,0.0462,0.185,0.429,0.0839,0.768,110.071,4
spotify:track:09VRnupo2NU52QRRxf3fjU,"Amoureux d'elle","Natalie Wood","Jay Alanski",2004-05-30,298040,0,false,brunocaivanophy,2024-05-21T21:43:55Z,"","AMC",0.738,0.556,2,-16.634,1,0.047,0.114,0.0146,0.15,0.96,110.68,4
spotify:track:3NcGNpeJ3rouV7fQ3dtv04,"Only You","Doing It in Lagos: Boogie, Pop & Disco in 1980's Nigeria","Steve Monite",2016-12-09,381040,0,false,brunocaivanophy,2021-01-18T16:10:36Z,"","Soundway Records",0.786,0.921,0,-6.842,1,0.101,0.0552,0.00181,0.0629,0.628,118.373,4
spotify:track:7Euf5joMjBJB2MYbhsXKoO,"I Love (The Skin You're In)","Face to Face (Bonus Track Version)","G.Q.",2014-05-30,292413,29,false,brunocaivanophy,2021-01-18T16:15:35Z,"disco,post-disco","Legacy Recordings",0.725,0.57,9,-13.387,0,0.0368,0.0596,0.000125,0.224,0.942,106.925,4
spotify:track:3e0BAk5D4PVhmU6vCW9ma5,"It Should Have Been You","Gwen Guthrie","Gwen Guthrie",1982-01-01,261053,41,false,brunocaivanophy,2021-06-14T19:08:32Z,"post-disco,disco","Mercury Records",0.8,0.685,11,-8.378,0,0.0384,0.277,0.00175,0.105,0.808,117.939,4
spotify:track:4d0UM1L06EmBBc9c8Ulv5R,"On and On","M.V.P. (Expanded Edition)","Harvey Mason",1981-06-01,300826,28,false,brunocaivanophy,2021-06-14T19:14:14Z,"jazz funk,post-disco,smooth jazz","Arista/Legacy",0.736,0.692,5,-9.629,1,0.0447,0.00403,0.0206,0.0941,0.898,122.261,4
spotify:track:4AFWIBkFNTO1VGTvc61Ri1,"Hooked on You - The Reflex Revision","Give Me Remixes","Cerrone;The Reflex",2015-05-04,461000,44,false,brunocaivanophy,2021-06-14T19:11:27Z,"disco italiano,disco,hi-nrg,disco house,nu disco,post-disco,house francés","Malligator Préférence",0.764,0.655,5,-8.416,1,0.0529,0.0285,0.677,0.149,0.833,108.006,4
spotify:track:1447jaOhoIyvMry7YV1Y9k,"Help Yourself to My Love","Kashif (Expanded Edition)","Kashif",2014-10-27,245973,43,false,brunocaivanophy,2021-01-18T16:07:35Z,"post-disco,quiet storm,new jack swing","Legacy Recordings",0.803,0.352,6,-13.288,0,0.0726,0.0408,0.00000305,0.184,0.608,105.103,4
spotify:track:6CTHTWHKsR1sX7p2tK8AnW,"Hold Tight - Full Length Album Mix","Miracles","Change",1981-02-03,268653,0,false,brunocaivanophy,2021-01-18T16:14:45Z,"post-disco,disco,funk","New Fresh Records",0.767,0.789,5,-5.497,0,0.0845,0.259,0,0.153,0.871,115.03,5
spotify:track:3uHYh9Fou12jo5JAEt6S6V,"Coming Back Around","Coming Back Around","Cory Wong;Cody Fry",2021-01-15,248237,20,false,brunocaivanophy,2021-01-18T15:56:45Z,"funk,jazz funk,jazz fusión","Roundwound Media, LLC.",0.763,0.809,7,-5.479,1,0.0895,0.0846,0.000788,0.145,0.67,115.088,4
spotify:track:7tBlvnHLTox3S0yB6nIV2Q,"Lazy Nina","Pulse (Expanded Edition)","Greg Phillinganes",1984,326613,44,false,brunocaivanophy,2021-06-14T19:10:04Z,"yacht rock","RCA/Legacy",0.625,0.5,7,-9.104,1,0.0873,0.183,0.00000337,0.0378,0.777,202.318,4
spotify:track:0xQlC8tI2hBeOs2TKOkM1G,"Hung Up On My Baby","Legenden des Soul - Isaac Hayes","Isaac Hayes",2014-01-01,377466,25,false,brunocaivanophy,2021-01-18T16:00:42Z,"soul,soul clásico,funk","Brunswick",0.649,0.753,11,-7.539,0,0.0306,0.139,0.858,0.0512,0.84,102.147,4
spotify:track:0urYHfuvFbdwOA1SYX4yvJ,"Fool For You","Fool For You","Jafunk;Nic Hanson;NanaBcool",2020-09-04,175937,0,true,brunocaivanophy,2021-01-18T15:57:38Z,"nu disco,funky house","Unity Rec",0.865,0.646,10,-4.93,0,0.143,0.0749,0.0607,0.0483,0.665,116.08,4
spotify:track:20idwcdmzRCgJUfT8BFEbw,"2nd Time Around","Tuxedo II","Tuxedo",2017-03-24,225981,0,true,brunocaivanophy,2021-01-18T15:57:51Z,"nu disco,funk,indie soul","Stones Throw Records",0.872,0.75,8,-5.048,1,0.0996,0.29,0.00000937,0.0735,0.872,119.002,4
spotify:track:3OtBieT1rwL2SoePlQL4Zh,"Cosmic Perspective","Body Wash","Mndsgn",2016-09-16,259463,0,false,brunocaivanophy,2021-01-18T15:59:47Z,"","Stones Throw Records",0.687,0.731,8,-7.774,1,0.108,0.0293,0.00836,0.163,0.601,110.957,4
spotify:track:0rDzbrqJfF0zgQKvrnAjRJ,"I'd Rather Be with You","Stretchin' Out In Bootsy's Rubber Band","Bootsy Collins",1976,298266,53,false,brunocaivanophy,2021-01-18T16:02:18Z,"funk","Rhino/Warner Records",0.484,0.656,2,-9.166,1,0.255,0.19,0.00000698,0.0828,0.775,165.59,4
spotify:track:2Rr4ZOnKXUrzjhMPkmkRjK,"Soup for One","Dance, Dance, Dance: The Best of Chic","CHIC",1991,335066,57,false,brunocaivanophy,2021-01-18T16:03:19Z,"disco,funk","Atlantic Records",0.824,0.509,0,-11.235,1,0.0352,0.212,0.798,0.11,0.797,114.818,4
spotify:track:6cBhKpoE1GNqEtwqGScyBy,"Brothers On The Slide","Promised Heights","Cymande",2013-08-16,251400,0,false,brunocaivanophy,2021-01-18T16:04:03Z,"funk,afrobeat","Alaska",0.815,0.602,7,-10.192,0,0.196,0.3,0.00548,0.0737,0.805,109.704,4
spotify:track:7zrPswSV1yxrill5OyCuaU,"Pusherman","Superfly: Deluxe 25th Anniversary Edition","Curtis Mayfield",1972-07-01,300693,60,false,brunocaivanophy,2021-01-18T16:04:13Z,"soul clásico,soul,motown,funk","Rhino",0.851,0.669,10,-9.562,1,0.0379,0.239,0.0852,0.108,0.911,126.624,4
spotify:track:6QbcnA5zCrjiZIUBzAP4nY,"I'm a Ram","Gets Next to You","Al Green",1971-08-14,227480,45,false,brunocaivanophy,2021-01-18T16:04:19Z,"soul,soul clásico,motown,soul blues","Fat Possum",0.848,0.499,11,-10.176,0,0.0696,0.261,0.517,0.209,0.879,81.098,4
spotify:track:0GIfaHgivfBCV67eYF996A,"P-Funk (Wants To Get Funked Up)","Mothership Connection","Parliament",1975-12-15,461160,44,false,brunocaivanophy,2021-01-18T16:04:33Z,"funk,funk rock","Def Jam West",0.637,0.421,9,-14.327,1,0.252,0.654,0,0.369,0.779,87.507,4
spotify:track:01gDLZsi0j5fWC28FLPNO8,"Move on Up - Extended Version","Curtis (Expanded Edition)","Curtis Mayfield",1970,535333,56,false,brunocaivanophy,2021-01-18T16:04:59Z,"soul clásico,soul,motown,funk","Rhino",0.584,0.975,11,-6.534,0,0.0651,0.141,0.501,0.101,0.876,138.341,4
spotify:track:0bRXwKfigvpKZUurwqAlEh,"Lovely Day","Menagerie","Bill Withers",1977-10-29,257157,79,false,brunocaivanophy,2021-01-18T16:05:17Z,"soul","Columbia/Legacy",0.692,0.651,9,-8.267,1,0.0324,0.292,0.00241,0.105,0.706,97.923,4
spotify:track:6qH6xP8tzxvZlCcmHit4AL,"Inspiration Information","INSPIRATION INFORMATION","Shuggie Otis",1974,252293,49,false,brunocaivanophy,2021-01-18T16:01:02Z,"","Epic",0.805,0.654,7,-7.072,1,0.056,0.00271,0.00993,0.141,0.842,89.738,4
spotify:track:5LoBsMFF6hmzlH5gwOvppw,"Untitled (Funk #2)","Portrait in Two","McClenney",2017-01-13,165554,19,false,brunocaivanophy,2021-01-18T16:06:08Z,"R&B alternativo","McClenney Music",0.921,0.374,6,-9.451,1,0.0652,0.00846,0.837,0.371,0.769,113.003,4
spotify:track:66tkDkPsznE5zIHNt4QkXB,"Tieduprightnow","Tieduprightnow","Parcels",2018-04-27,249956,73,false,brunocaivanophy,2021-01-18T16:06:26Z,"indie soul","Because Music",0.863,0.533,5,-7.986,0,0.0484,0.291,0.00126,0.0794,0.738,102.025,4
spotify:track:0hhXziDUO0wNYPsstDQWN6,"Overnight","Overnight","Parcels",2017-06-21,219604,69,false,brunocaivanophy,2021-01-18T16:06:42Z,"indie soul","Because Music",0.815,0.819,8,-9.494,0,0.0521,0.364,0.0555,0.115,0.864,119.986,4
spotify:track:5VkI4neJWJV5PR7nutPhyr,"Fux with the Tux","Tuxedo II","Tuxedo",2017-03-24,166590,0,true,brunocaivanophy,2021-01-18T16:07:21Z,"nu disco,funk,indie soul","Stones Throw Records",0.88,0.657,7,-5.611,1,0.0965,0.197,0.000013,0.31,0.564,116,4
spotify:track:2wPJBZ7o4a1TurmrgmNEUK,"Stone Love","Kashif (Expanded Edition)","Kashif",2014-10-27,329040,39,false,brunocaivanophy,2021-01-18T16:07:31Z,"post-disco,quiet storm,new jack swing","Legacy Recordings",0.848,0.396,1,-12.969,1,0.0784,0.0461,0.00139,0.076,0.778,114.224,4
spotify:track:2SPNs07BKygbkbf48KNFEQ,"I'll Be Good","Street Called Desire (Expanded Edition)","Rene & Angela",1985,321066,53,false,brunocaivanophy,2021-01-18T16:07:46Z,"quiet storm,post-disco","Mercury Records",0.815,0.646,10,-9.784,1,0.0546,0.118,0.000048,0.0733,0.757,108.392,4
spotify:track:5IhBjmG7k7z9HVkvPl17N5,"I'm In Love","I'm In Love (Expanded Edition)","Evelyn ""Champagne"" King",1981-06-21,305853,44,false,brunocaivanophy,2021-01-18T16:08:06Z,"post-disco,disco,funk","RCA/Legacy",0.882,0.606,5,-6.289,0,0.0714,0.0195,0.00782,0.13,0.801,114.721,4
spotify:track:0ChTnYskfapg9Pgl6Wameq,"Betcha' Wouldn't Hurt Me","The Dude","Quincy Jones",1981-01-01,226766,0,false,brunocaivanophy,2021-01-18T16:08:09Z,"soul jazz,big band,quiet storm","Universal Music Group",0.826,0.633,1,-15.549,1,0.0458,0.311,0.000695,0.116,0.908,110.78,4
spotify:track:0WDsbEjeSB7Wr1yFyjpCGq,"Music","The Best of D Train","D-Train",2006-01-01,491905,33,false,brunocaivanophy,2021-01-18T16:08:12Z,"post-disco,funk,boogie,disco","UNIDISC MUSIC INC.",0.777,0.823,4,-6.373,1,0.127,0.0242,0.0000332,0.228,0.882,119.777,4
spotify:track:2koS4fD3kzizdnzWzyrxyT,"Estrelar","Marcos Valle","Marcos Valle",1983-01-01,313493,59,false,brunocaivanophy,2021-01-18T16:08:16Z,"bossa nova,jazz brasileño","Som Livre",0.879,0.495,7,-10.584,0,0.0765,0.538,0.000333,0.0827,0.802,102.652,4
spotify:track:6cCjkGOjdA2F3C3ZShdm40,"Enjoy Your Life","Doing It in Lagos: Boogie, Pop & Disco in 1980's Nigeria","Oby Onyioha",2016-12-09,376973,0,false,brunocaivanophy,2021-01-18T16:08:21Z,"disco","Soundway Records",0.87,0.676,5,-8.201,0,0.0557,0.034,0.00774,0.0691,0.868,115.369,4
spotify:track:35rKsWYxrPqXhqiZ8KssQC,"Take Your Time (Do It Right)","S.O.S. (Tabu Reborn Expanded Edition)","The S.O.S Band",1980,464226,0,false,brunocaivanophy,2021-01-18T16:08:27Z,"post-disco,quiet storm,funk","Tabu",0.865,0.556,4,-13.372,0,0.0555,0.0137,0.0145,0.07,0.887,118.946,4
spotify:track:4O1Q299Tc3xMQxj7hrWFTF,"Stars in Your Eyes","Monster (Expanded Edition)","Herbie Hancock",2016-06-17,423081,18,false,brunocaivanophy,2021-01-18T16:08:32Z,"jazz,jazz fusión,jazz funk,hard bop,cool jazz","Columbia/Legacy",0.686,0.481,2,-11.373,0,0.0489,0.034,0.00217,0.0947,0.847,107.399,4
spotify:track:4WsNsSFRDC8uXwqjBgN92J,"Ready or Not","Feets Don't Fail Me Now","Herbie Hancock",1979-02,405800,23,false,brunocaivanophy,2021-01-18T16:08:44Z,"jazz,jazz fusión,jazz funk,hard bop,cool jazz","Columbia",0.863,0.591,11,-11.345,0,0.0935,0.479,0.0112,0.0887,0.839,118.166,4
spotify:track:3erdph0wUqaMiE99sdrBU5,"Make Up Your Mind","Anthology Vol. 1","Aurra",1980,385760,0,false,brunocaivanophy,2021-01-18T16:08:56Z,"post-disco,boogie,funk","Salsoul Records",0.749,0.596,7,-11.059,1,0.0594,0.11,0.000124,0.0497,0.922,116.529,4
spotify:track:68VCCqeujyd3SqmYAWB0lZ,"Nights Over Egypt","Get as Much Love as You Can","The Jones Girls",1981,279800,52,false,brunocaivanophy,2021-01-18T16:09:34Z,"soul de Filadelfia,post-disco,quiet storm,soul clásico","Legacy Recordings",0.752,0.36,9,-14.317,0,0.0334,0.499,0.291,0.106,0.636,110.768,4
spotify:track:3kFNbDzkKUlOkjd3gMrQLN,"Another You (feat. Ruckazoid)","Another You","Breakbot;Ruckazoid",2018-09-28,201946,40,false,brunocaivanophy,2021-01-18T16:09:59Z,"house francés,nu disco","Ed Banger Records",0.79,0.554,10,-5.326,1,0.0425,0.0705,0,0.261,0.763,105.02,4
spotify:track:2JEgJc3qlzTr96IBqfeulB,"This Is All I Have For You - 2018 Remaster","FIRST LIGHT (+1; 2018 Remaster)","Makoto Matsushita",1982-04-21,307796,50,false,brunocaivanophy,2021-01-18T16:10:26Z,"city pop,jazz fusión,r&b japonés","WM Japan",0.734,0.662,11,-9.094,0,0.0375,0.235,0.00828,0.337,0.832,119.867,4
spotify:track:4lteGaLzU5veJOe6wnOvz4,"Dancer","Outline","Gino Soccio",1979,508120,47,false,brunocaivanophy,2021-01-18T16:10:52Z,"disco italiano,disco,post-disco,hi-nrg,house de chicago","Rhino/Warner Records",0.896,0.339,11,-9.576,0,0.0884,0.0183,0.552,0.0311,0.389,122.106,4
spotify:track:2hX4jY6URV3FsPgC7jqDAS,"Try It Out","Closer","Gino Soccio",1994,496466,42,false,brunocaivanophy,2021-01-18T16:10:54Z,"disco italiano,disco,post-disco,hi-nrg,house de chicago","Rhino Atlantic",0.854,0.417,11,-14.713,0,0.0899,0.00283,0.157,0.0205,0.716,113.615,4
spotify:track:08lS7uqLMbXv7BDOb9guYJ,"Come Over","Come Over","VanJess",2020-09-03,222294,25,false,brunocaivanophy,2021-01-18T16:11:32Z,"R&B alternativo","Keep Cool/RCA Records",0.752,0.649,6,-7.48,1,0.256,0.301,0.000762,0.319,0.58,101.044,4
spotify:track:0kOxmoYqRXjAnc5ZfQ6TIs,"What Can We Do? (feat. Nate Dogg)","Ventura","Anderson .Paak;Nate Dogg",2019-04-12,176036,41,true,brunocaivanophy,2021-01-18T16:12:01Z,"g-funk,West Coast hip hop,hip hop vieja escuela","Aftermath",0.744,0.622,10,-6.756,0,0.0458,0.052,0,0.194,0.567,101.561,4
spotify:track:1DrlLvlYd1FIjNavRm6NdX,"Back Pocket","Thrill of the Arts","Vulfpeck",2015-10-09,181259,60,false,brunocaivanophy,2021-01-18T16:12:16Z,"funk,funk rock","Vulf Records",0.839,0.585,2,-7.737,1,0.153,0.478,0.00278,0.0435,0.89,89.821,4
spotify:track:39rHfrVqCX6A55GF7uOZSC,"1612","Fugue State","Vulfpeck",2014-08-26,199639,56,false,brunocaivanophy,2021-01-18T16:12:20Z,"funk,funk rock","Vulf Records",0.678,0.392,0,-11.328,1,0.274,0.177,0.0045,0.0839,0.711,171.276,4
spotify:track:1oOD1pV43cV9sHg97aBdLs,"Dean Town","The Beautiful Game","Vulfpeck",2016-10-17,213302,53,false,brunocaivanophy,2021-01-18T16:12:23Z,"funk,funk rock","Vulf Records",0.796,0.608,11,-10.936,1,0.041,0.499,0.887,0.0979,0.907,108.756,4
spotify:track:76gJ7ATRkD3WZuYKPl84xm,"Y'All Gone Miss Me","Tha Last Meal","Snoop Dogg;Kokane",2000,255626,47,true,brunocaivanophy,2021-01-18T16:13:02Z,"g-funk,West Coast hip hop,rap gangster,hip hop vieja escuela,hip hop,rap","Priority Records",0.806,0.61,9,-5.909,1,0.186,0.0298,0,0.0399,0.482,91.058,4
spotify:track:7GzaH0zO74RwTqwByWpOzE,"Good Timez","Big Syke Daddy","Big Syke",2001-09-25,241200,31,true,brunocaivanophy,2021-01-18T16:13:30Z,"g-funk,West Coast hip hop","Rideonum Entertainment Group",0.847,0.654,8,-4.408,0,0.147,0.057,0.00000908,0.161,0.759,102.678,4
spotify:track:2qOm7ukLyHUXWyR4ZWLwxA,"It Was A Good Day","The Predator","Ice Cube",1992-11-17,260000,79,true,brunocaivanophy,2021-01-18T16:13:53Z,"hip hop vieja escuela,rap gangster,West Coast hip hop,g-funk,hip hop","Priority Records",0.798,0.744,7,-5.328,0,0.136,0.33,0.000106,0.292,0.794,82.356,4
spotify:track:6K3fTjBCHXCQtc8xK2IL6w,"Remind Me","Straight From The Heart","Patrice Rushen",1982,316640,0,false,brunocaivanophy,2021-01-18T16:14:48Z,"post-disco,jazz funk,disco,funk","Strut",0.785,0.587,9,-7.595,0,0.0477,0.23,0.00873,0.0934,0.809,91.076,4
spotify:track:2RaN7kGPxuT3wvpdw9dyND,"Beijo (Interlude)","All 'N All","Earth, Wind & Fire",1977-11-21,80760,49,false,brunocaivanophy,2021-01-18T16:15:06Z,"funk,disco","Columbia",0.841,0.752,11,-11.165,0,0.0898,0.248,0.0068,0.105,0.549,112.362,4
spotify:track:1BtBvLfVKCUqxi13inMJep,"Skatin'","Night Cruiser","Deodato",1980,316306,38,false,brunocaivanophy,2021-01-18T16:15:12Z,"jazz funk,jazz brasileño,jazz fusión","Rhino/Warner Records",0.733,0.716,8,-14.626,1,0.0432,0.144,0.033,0.0688,0.879,99.563,4
spotify:track:4IZQ5wYvoUD1xvJsqNo3vg,"Jungle Jazz","Spirit Of The Boogie","Kool & The Gang",1975,289826,39,false,brunocaivanophy,2021-01-18T16:15:15Z,"disco,funk","Mercury Records",0.77,0.947,5,-6.651,1,0.145,0.129,0.445,0.343,0.649,106.688,4
spotify:track:6lqYjlQyDzNWE0MGc78b4c,"Mysterious Vibes","Action","The Blackbyrds",1994-01-01,290066,53,false,brunocaivanophy,2021-01-18T16:15:23Z,"jazz funk,funk","Fantasy Records",0.587,0.321,8,-19.623,0,0.0274,0.0558,0.00332,0.107,0.716,92.69,4
spotify:track:7hhclvecTpNxNNRCk7NUoc,"Little L","A Funk Odyssey","Jamiroquai",2001-08-29,295400,69,false,brunocaivanophy,2021-01-18T16:43:44Z,"acid jazz","Epic",0.878,0.724,10,-5.373,0,0.129,0.168,0.0116,0.133,0.904,121.906,4
spotify:track:3Pl1pvzSvcOXunjzwNFYZX,"Back In The Day","Worldwide Underground","Erykah Badu",2003-09-16,286920,0,false,brunocaivanophy,2021-01-18T16:42:49Z,"neosoul,R&B","Universal Music Group",0.746,0.547,5,-9.236,0,0.0903,0.224,0.0345,0.201,0.528,91.839,4
spotify:track:47W6YR93MPCGLEUReLMyDm,"Virtual Insanity - Remastered 2006","High Times: Singles 1992-2006 (Remastered)","Jamiroquai",2006-11-06,229360,1,false,brunocaivanophy,2021-01-18T16:43:38Z,"acid jazz","Columbia",0.662,0.949,6,-4.758,1,0.108,0.128,0,0.135,0.516,91.954,4
spotify:track:4baXYEQbDjse4afjjToEB6,"Feel So Good","A Funk Odyssey","Jamiroquai",2001-08-29,321426,46,false,brunocaivanophy,2021-01-18T16:44:20Z,"acid jazz","Epic",0.737,0.883,8,-6.491,1,0.238,0.0142,0.00419,0.713,0.669,122.656,4
spotify:track:6wpDQGn3Gl0j9Wt6D6mYvQ,"O Descobridor Dos Sete Mares","O Descobridor Dos Sete Mares","Tim Maia",1983-01-03,265297,68,false,brunocaivanophy,2021-01-18T16:46:16Z,"MPB","Universal Music Ltda.",0.643,0.78,10,-8.306,0,0.0718,0.0108,0.00069,0.305,0.963,136.891,4
spotify:track:68cp41sqsZ0DuduwtiXKiD,"Não Vai Mudar","Nesse Inverno","Tony Bizarro",1977-03-30,187200,27,false,brunocaivanophy,2021-01-18T16:45:26Z,"","Columbia",0.71,0.709,9,-9.369,1,0.0759,0.188,0.00000366,0.0673,0.889,102.469,4
spotify:track:7j2ExpvZTeURjspK443YKU,"Bom-Senso","Racional (Vol 1)","Tim Maia",1975-03-15,305693,19,false,brunocaivanophy,2021-01-18T16:46:25Z,"MPB","Vitória Regia Discos Ltda",0.447,0.685,11,-4.942,0,0.0615,0.237,0,0.307,0.484,99.892,4
spotify:track:00kvKlIvfzQLSi6T2zwXuS,"Strawberry Letter 23","Right On Time","The Brothers Johnson",1977-01-01,299066,61,false,brunocaivanophy,2021-01-19T16:53:31Z,"funk,disco","A&M",0.73,0.622,7,-11.7,0,0.0532,0.269,0.00874,0.111,0.752,90.973,4
spotify:track:5U3i59kbTLrxo46TU1FRnF,"People Get Up And Drive Your Funky Soul - Remix","Motherlode","James Brown;Fred Wesley;The J.B.'s",2003-01-01,544640,60,false,brunocaivanophy,2021-01-19T16:54:22Z,"funk,soul,motown,soul clásico,acid jazz,jazz funk","Universal Records",0.8,0.802,0,-5.439,1,0.166,0.23,0.00379,0.0971,0.82,97.586,4
spotify:track:10h6V82bCpqg69rgyXE6B8,"Tell Me, Tell Me (How Ya Like to Be Loved)","Heartbeat","Curtis Mayfield",1979-01-01,384226,0,false,brunocaivanophy,2021-01-19T16:57:20Z,"soul clásico,soul,motown,funk","Curtom Classics, LLC",0.581,0.903,0,-8.286,1,0.0769,0.101,0.0486,0.306,0.798,116.792,4
spotify:track:1KUqyZaFMpglFfxXzv4Aj6,"Aleluia","Robson Jorge e Lincoln Olivetti","Robson Jorge;Lincoln Olivetti",1982-09-16,232937,37,false,brunocaivanophy,2021-01-19T18:46:51Z,"jazz brasileño","Som Livre",0.808,0.764,0,-7.75,1,0.0707,0.147,0.0359,0.184,0.937,108.123,4
spotify:track:6bJGULOowvaqs5t1VSuDCw,"Fate","What Cha' Gonna Do for Me","Chaka Khan",1981,194493,53,false,brunocaivanophy,2021-01-19T18:47:45Z,"","Rhino/Warner Records",0.671,0.69,8,-9.089,0,0.0335,0.175,0.00217,0.187,0.875,116.133,4
spotify:track:69R1ksDuwkkH21wsoBzIQq,"Music","One Way (Expanded Version)","One Way;Al Hudson",1979-11-01,438813,29,false,brunocaivanophy,2021-01-19T18:48:21Z,"funk,post-disco,northern soul","Geffen",0.789,0.481,10,-14.984,0,0.0746,0.00267,0.00209,0.0702,0.486,120.067,4
spotify:track:1DLudjQKiXftWiYN4zgnF1,"Soultronic","Live In Stockholm","D'Angelo",2013-08-06,190093,21,false,brunocaivanophy,2021-01-19T18:55:56Z,"neosoul","Eurostar",0.683,0.947,0,-5.569,1,0.0908,0.015,0.00364,0.0957,0.932,105.439,4
spotify:track:25dX97P3zDm8nRrkaMaGWR,"Vai Com Deus","Nesse Inverno","Tony Bizarro",1977-03-30,180400,19,false,brunocaivanophy,2021-01-19T20:59:07Z,"","Columbia",0.693,0.788,2,-8.563,1,0.214,0.265,0.0000127,0.0648,0.961,149.899,4
spotify:track:2tTMoXavkBdOsjKGaKdzdm,"Feel The Real","Adrenalin","David Bendeth",1979,410319,36,false,brunocaivanophy,2021-01-25T16:13:20Z,"acid jazz,jazz funk,post-disco","type a records",0.642,0.521,9,-11.771,1,0.0417,0.137,0.375,0.151,0.925,121.938,4
spotify:track:6jZXAOHmvseRsqxYCbexTJ,"Why I Came to California","Leon Ware","Leon Ware",1982,250173,44,false,brunocaivanophy,2021-01-25T16:13:29Z,"jazz funk,post-disco","Rhino/Elektra",0.694,0.783,1,-10.188,1,0.111,0.189,0,0.111,0.741,106.69,4
spotify:track:2fRd1rdvwuR1WyP5TzmcUt,"I Get Lifted","The TK Years","KC & The Sunshine Band",2009-03-09,183506,29,false,brunocaivanophy,2021-01-25T16:13:38Z,"disco","Parlophone UK",0.829,0.629,10,-7.348,0,0.0547,0.00106,0.0000677,0.0581,0.933,106.565,4
spotify:track:4NTSDu34al733aIuUWVJHo,"Boogie Nights","Too Hot to Handle (Expanded Edition)","Heatwave",1977-06-27,303640,58,false,brunocaivanophy,2021-01-26T21:32:45Z,"disco,funk","Sony Music CG",0.629,0.615,11,-10.972,0,0.0433,0.169,0.0000723,0.132,0.673,118.805,4
spotify:track:1aepkYPqLWGTCLnRGSRkRB,"Atmosphere Strut","Atmosphere Strut","Cloud One",1976,562626,23,false,brunocaivanophy,2021-01-26T21:33:54Z,"post-disco,disco","UNIDISC MUSIC INC.",0.63,0.808,7,-10.134,1,0.153,0.00122,0.00000109,0.151,0.86,117.02,4
spotify:track:0oHMsEtxN7G9ru6wIsJ5oO,"Who's Been Sleeping In My Bed","One Voice","Barry Manilow",1979,277626,32,false,brunocaivanophy,2021-02-11T17:15:21Z,"yacht rock,estándares adultos","Arista/Legacy",0.603,0.972,11,-8.014,0,0.227,0.0757,0.0162,0.272,0.416,142.672,4
spotify:track:0oKsIEkv7fTC40COSXrHm2,"Starchild - Edit Album Version","Level 42","Level 42",1981,362480,29,false,brunocaivanophy,2021-02-11T17:16:17Z,"synthpop","UMC (Universal Music Catalogue)",0.707,0.72,8,-10.474,0,0.0347,0.0989,0.0471,0.0254,0.816,112.11,4
spotify:track:0unXRZP4a8LrcXQGBCOPg9,"Fool On The Street","Bustin' Out of L Seven (Expanded Edition)","Rick James",1979-01-26,469546,32,false,brunocaivanophy,2021-03-08T19:09:08Z,"funk,motown,disco","UNI/MOTOWN",0.4,0.936,4,-5.34,0,0.211,0.369,0.0000143,0.189,0.632,124.427,4
spotify:track:2Ohu1ERZnAuaCzi7N5ngRK,"Son Shine","Untitled (Rise)","SAULT",2020-09-18,196814,58,false,brunocaivanophy,2021-04-07T16:34:48Z,"","Forever Living Originals",0.697,0.568,5,-7.245,0,0.036,0.137,0.206,0.097,0.6,108.98,4
spotify:track:3bA5Xfk5JyPGtBh00GX8Gk,"Ain't No Fun (If the Homies Cant Have None) (feat. Nate Dogg, Warren G & Kurupt)","Doggystyle","Snoop Dogg;Kurupt;Warren G;Nate Dogg",1993,246346,0,true,brunocaivanophy,2021-04-12T17:47:56Z,"g-funk,West Coast hip hop,rap gangster,hip hop vieja escuela,hip hop,rap","Death Row Records",0.84,0.798,8,-5.079,1,0.0699,0.045,0.0000432,0.172,0.695,100.175,4
spotify:track:0W8MpnhaImy0oPRkVpRvjI,"I Know You, I Live You","What Cha' Gonna Do for Me","Chaka Khan",1981,269933,41,false,brunocaivanophy,2021-04-30T15:46:53Z,"","Rhino/Warner Records",0.565,0.683,7,-9.506,0,0.0417,0.0722,0.0151,0.0412,0.845,113.229,4
spotify:track:1avLYHHR0AEDmZVbicpWpu,"Peanut Butter","Best Of Friends","Twennynine;Lenny White",2008-02-05,217453,33,false,brunocaivanophy,2021-05-05T21:15:38Z,"post-disco,funk,jazz fusión,jazz funk","Rhino/Elektra",0.797,0.656,2,-8.619,1,0.0587,0.054,0.00205,0.131,0.962,119.456,4
spotify:track:0rgGwEybYIQvqHf5qEkFOB,"Haven't You Heard","Pizzazz","Patrice Rushen",1979-10-23,405293,0,false,brunocaivanophy,2021-05-17T18:06:49Z,"post-disco,jazz funk,disco,funk","Strut",0.88,0.703,6,-8.308,0,0.0807,0.0491,0.685,0.0582,0.947,127.952,4
spotify:track:64DNRPhZzmSnPpNLC4oA8d,"Heavy Love Affair","In Our Lifetime","Marvin Gaye",1981-01-15,226600,47,false,brunocaivanophy,2021-05-17T18:06:51Z,"motown,soul clásico,soul,northern soul,quiet storm","Motown",0.677,0.586,11,-8.656,0,0.0333,0.0488,0.000223,0.266,0.877,98.094,4
spotify:track:52f8B5MNlTVQgxNsiGfBOl,"Heaven of My Life - Full Length Album Mix","Miracles","Change",1981-02-03,338453,0,false,brunocaivanophy,2021-05-17T18:06:56Z,"post-disco,disco,funk","New Fresh Records",0.852,0.821,11,-4.681,0,0.163,0.134,0.000464,0.167,0.904,112.478,4
spotify:track:4F3Q6wO57RKmj9APhAswEs,"Gobstopper","Donuts","J Dilla",2006-02-07,65173,0,true,brunocaivanophy,2021-05-31T08:30:21Z,"plunderphonics,hip hop alternativo,jazz rap","Stones Throw Records",0.368,0.791,2,-6.889,1,0.169,0.0156,0.741,0.162,0.723,174.28,4
spotify:track:4UQH52FfgGpzDShKDbBvEA,"Forget Me Nots - Remastered","Straight From The Heart","Patrice Rushen",2017-12-06,284506,58,false,brunocaivanophy,2021-06-14T19:08:03Z,"post-disco,jazz funk,disco,funk","Strut",0.919,0.458,6,-6.962,0,0.0431,0.0826,0.0613,0.0532,0.963,113.815,4
spotify:track:4IjwheUbYaRkoMjrFsmmt9,"Celebrations","Light Up The Night","The Brothers Johnson",1980-04-04,266693,26,false,brunocaivanophy,2021-06-14T19:08:25Z,"funk,disco","A&M",0.714,0.871,2,-11.733,1,0.041,0.124,0.651,0.0666,0.735,114.944,4
spotify:track:1zaigPe4NB94tc4CRshK46,"Get It Right","Get It Right","Aretha Franklin",1983,375083,40,false,brunocaivanophy,2021-06-14T19:11:17Z,"soul,motown,soul clásico","Arista",0.758,0.829,1,-6.622,1,0.174,0.0486,0.0000016,0.0317,0.824,122.298,4
spotify:track:5YPIX0GlnaAxaJBFJydMT4,"Looking Up to You","Love Conquers All (Expanded Edition)","Michael Wycoff",1982-03-01,320280,49,false,brunocaivanophy,2021-06-14T19:12:57Z,"post-disco","RCA/Legacy",0.689,0.604,7,-9.01,0,0.0351,0.0136,0.0000384,0.13,0.72,104.383,4
spotify:track:0l6kqhSVD3n4E0gkH9X7C2,"Party In Me","Capitol Disco","Gene Dunlap",2007-06-08,245880,35,false,brunocaivanophy,2021-06-14T19:16:11Z,"post-disco,disco","Parlophone UK",0.725,0.704,7,-11.237,1,0.239,0.084,0.0000533,0.077,0.718,112.752,4
spotify:track:7yi6ExUutNRVa8KPgIiprd,"I Feel Your Love Comin' On","Tongue in Chic","CHIC",1982-11-01,412640,26,false,brunocaivanophy,2021-06-14T19:17:17Z,"disco,funk","Rhino Atlantic",0.783,0.737,9,-5.002,1,0.0597,0.076,0.0173,0.033,0.811,117.296,4
spotify:track:5RZSoZnMeAxU2vHUBwOjA0,"Lies","Two (Expanded Edition)","G.Q.",1980-01-01,318920,23,false,brunocaivanophy,2021-06-14T19:19:22Z,"disco,post-disco","Arista/Legacy",0.693,0.513,5,-11.712,1,0.0917,0.016,0.00681,0.0879,0.963,124.283,4
spotify:track:4L60ULqvJpqFReaNwmq8F0,"Don’t You Want My Love","Forevernevermore","Moodymann",2000-01-01,264360,45,false,brunocaivanophy,2021-06-14T19:19:39Z,"jazz house,house de chicago,deep house","Peacefrog Records",0.735,0.641,6,-11.343,1,0.0959,0.00135,0.89,0.228,0.481,113.402,4
spotify:track:23PqxkDoz1hHEKg0PHRZGv,"Over And Over","Sylvester","Sylvester",1977,422133,33,false,brunocaivanophy,2021-06-14T19:19:54Z,"disco,hi-nrg,post-disco","Fantasy Records",0.481,0.63,11,-8.18,1,0.0344,0.00975,0.000666,0.109,0.938,131.466,4
spotify:track:4Ew0C93HyyEIWKmldtqcnE,"Draw Me Your Favorite Funk","Nature of Evil","Psychic Mirrors",2016-04-12,276786,34,false,brunocaivanophy,2021-06-14T19:20:37Z,"post-disco,funk","Cosmic Chronic Records",0.673,0.481,9,-10.387,1,0.0548,0.0176,0.00458,0.0371,0.924,110.985,4
spotify:track:47HusOVsGPUcsJtMq40aRd,"You Are in My System","Sweat","The System",1983-01-01,357812,32,false,brunocaivanophy,2021-06-14T19:20:50Z,"post-disco,new jack swing","Mirage Records / Unidisc Music Inc.",0.843,0.46,10,-13.512,0,0.054,0.00891,0.00247,0.132,0.84,109.123,4
spotify:track:3rkYD17LrVaX0m98DWSI87,"Tears","System","Linkwood",2019-05-21,519111,33,false,brunocaivanophy,2021-06-14T19:21:19Z,"dub techno","Night Theatre",0.722,0.797,11,-6.2,0,0.0861,0.0582,0.1,0.29,0.805,96.472,4
spotify:track:3pG3uTycgC5lJavWznojHt,"When You Are Who You Are","Pieces of a Man","Gil Scott-Heron",1971-01-01,201329,0,false,brunocaivanophy,2021-06-14T19:28:55Z,"palabra hablada,jazz funk","Ace Records",0.66,0.665,10,-11.807,1,0.0416,0.511,0,0.109,0.946,125.432,4
spotify:track:7hgTD3nmWLbF58Rsugc27d,"BREEZIN'","オン・ギター","Masayoshi Takanaka",1994-06-25,350000,52,false,brunocaivanophy,2021-06-22T23:21:38Z,"jazz fusión,city pop,jazz funk","INVITATION",0.594,0.779,11,-9.609,0,0.0435,0.117,0.844,0.0404,0.765,104.434,4
spotify:track:7wK3vFraZXIjVxOqObajAL,"スポーツマン - 2019 Remastering","Philharmony","Haruomi Hosono",1978,245960,40,false,brunocaivanophy,2021-06-22T23:23:10Z,"city pop,shibuya-kei","Sony Music Direct (Japan) Inc.",0.81,0.842,2,-4.306,1,0.0518,0.0607,0,0.0596,0.82,108.865,4
spotify:track:3iYNJX4FTRGlfMQySjlGNr,"Future Nostalgia","Future Nostalgia (The Moonlight Edition)","Dua Lipa",2021-02-11,184881,53,false,brunocaivanophy,2021-08-01T22:09:51Z,"pop","Warner Records",0.875,0.813,7,-4.502,1,0.0579,0.00618,0,0.321,0.859,114.993,4
spotify:track:7EVDIXEOFAAvzwu6xk0nUz,"Cola Bottle Baby","Edwin Birdsong (Expanded Edition)","Edwin Birdsong",1979-02-01,307613,41,false,brunocaivanophy,2021-06-25T17:43:29Z,"post-disco,soul de Filadelfia","Philadelphia International/Legacy",0.883,0.701,5,-11.729,0,0.039,0.0543,0.0213,0.189,0.93,116.671,4
spotify:track:3QlyaUKe4gLtpmmnIpYlQ7,"What's Up","Space Between Us / What's Up","Ekkah;DāM-FunK",2016-06-03,243960,28,false,brunocaivanophy,2021-06-25T17:45:23Z,"nu disco,g-funk,funk","Ekkah",0.866,0.743,8,-4.333,0,0.0402,0.194,0.000464,0.043,0.796,108.921,4
spotify:track:5ndGYGQJGv1hbpTKD6gzLZ,"Be Thankful for What You've Got - David Todd Remix","Be Thankful for What You Got","William DeVaughn",1980-01-01,414533,6,false,brunocaivanophy,2021-07-07T23:17:50Z,"soul clásico,soul de Filadelfia","UNIDISC MUSIC INC.",0.798,0.253,11,-20.281,0,0.114,0.000468,0.0231,0.15,0.771,106.94,4
spotify:track:1vaVVxV5K7yIA5N5IwRxzi,"Destination You!","Inspiration Information/ Wings Of Love","Shuggie Otis",2013-04-12,279466,22,false,brunocaivanophy,2021-07-07T23:24:12Z,"","Epic/Legacy",0.666,0.824,11,-8.045,1,0.0716,0.0632,0.0357,0.0968,0.523,96.991,4
spotify:track:4wLd4n4JqfWZx4jI2XPW2F,"Computer Games","Computer Games","George Clinton",1982-01-01,406533,22,false,brunocaivanophy,2021-07-07T23:27:33Z,"funk","Capitol Records",0.786,0.732,7,-13.512,1,0.12,0.0948,0.00447,0.131,0.626,122.06,4
spotify:track:3VFxSZmfyyP0rUshVbHNry,"I'll Be with You","All the Woo in the World","Bernie Worrell",1978,447866,25,false,brunocaivanophy,2021-07-31T14:44:07Z,"funk","RCA/Legacy",0.485,0.72,5,-8.583,0,0.101,0.546,0.000332,0.121,0.938,201.885,4
spotify:track:3PfIrDoz19wz7qK7tYeu62,"Don't Start Now","Future Nostalgia","Dua Lipa",2020-03-27,183290,82,false,brunocaivanophy,2021-08-01T22:07:30Z,"pop","Warner Records",0.793,0.793,11,-4.521,0,0.083,0.0123,0,0.0951,0.679,123.95,4
spotify:track:5jpYsq5cYKeQDRgn8WTenS,"Heart's Desire","Don Blackman","Don Blackman",1982-01-01,271106,37,false,brunocaivanophy,2021-08-05T19:25:34Z,"post-disco,jazz funk","Arista/Legacy",0.705,0.707,0,-12.716,1,0.122,0.13,0.234,0.0722,0.667,101.006,4
spotify:track:4rGlT5xqBCPfQBwmolD9hb,"Hazlo","Quimera","Sólo Los Solo",2001-10-10,213200,0,true,brunocaivanophy,2021-08-16T18:09:40Z,"","Delpalo Records",0.706,0.765,4,-7.557,1,0.334,0.411,0.0000177,0.253,0.769,90.005,4
spotify:track:0tUYG0VaHjQDbdNQFawtDY,"Spinnin'","'Nard","Bernard Wright",1981-07-17,331760,27,false,brunocaivanophy,2021-08-23T18:04:27Z,"post-disco","Cherry Red Records",0.681,0.848,2,-7.439,1,0.051,0.0322,0.226,0.0439,0.642,111.564,4
spotify:track:09p44oQGDXFeZLIb96ZDNO,"Cerebro, Orgasmo, Envidia & Sofía","El Evangelio Según Mi Jardinero","Martín Buscaglia",2006-01-01,280253,0,false,brunocaivanophy,2021-08-26T16:37:10Z,"candombe,folk latino","Lovemonk",0.889,0.611,9,-7.134,1,0.0821,0.756,0.000843,0.11,0.819,110.032,4
spotify:track:73uxnSsFMeJ15POpd3zgrV,"Believe What I Say","Donda","Kanye West",2021-08-29,242400,0,false,brunocaivanophy,2021-08-29T16:45:09Z,"rap","Rock The World/IDJ/Kanye LP7",0.595,0.656,7,-7.868,1,0.247,0.148,0,0.47,0.416,99.811,4
spotify:track:1HJ5zU9YdE3X4rPY7C94Fq,"All Day Everyday","Cartel or Die...S.C.C.'s Most Gangsta","South Central Cartel",2007-05-02,248053,36,false,brunocaivanophy,2021-08-30T17:50:52Z,"g-funk,West Coast hip hop,rap gangster,hip hop vieja escuela","PANNES Ave. Recordings",0.712,0.674,5,-6.109,0,0.346,0.322,0,0.0834,0.848,89.152,4
spotify:track:2m5bgVBU825qhWhEXP5P3A,"Everybody Wants My Girl","Somewhere Out There","Deodato",1989,262160,14,false,brunocaivanophy,2021-09-03T16:00:21Z,"jazz funk,jazz brasileño,jazz fusión","Rhino Atlantic",0.695,0.73,2,-10.963,1,0.0268,0.018,0.0346,0.101,0.86,123.804,4
spotify:track:6lNwrdMlAT0TsOzgRtAvpF,"Jugo","Versus","Illya Kuryaki & The Valderramas",1997-01-01,259506,50,false,brunocaivanophy,2021-09-18T14:58:13Z,"rock en español,rock argentino,rock latino,alternativa latina","Universal Music Argentina S.A.",0.869,0.492,7,-5.309,1,0.116,0.0386,0.0117,0.118,0.965,123.079,4
spotify:track:4yrM5BVyJzy5Ed4GPO6e8j,"I Wanna Be Your Lover","Prince","Prince",1979-10-19,347666,63,false,brunocaivanophy,2021-09-24T14:25:46Z,"funk,funk rock","Warner Records",0.812,0.507,1,-8.825,0,0.0452,0.0399,0.0831,0.0671,0.729,114.832,4
spotify:track:57DZno6SOk5AjBYkoGbgJA,"Why You Wanna Treat Me so Bad?","Prince","Prince",1979-10-19,230960,38,false,brunocaivanophy,2021-09-24T14:25:49Z,"funk,funk rock","Warner Records",0.698,0.43,6,-10.69,1,0.0344,0.139,0.00282,0.281,0.887,126.337,4
spotify:track:37TmjR8M8jWOCZp9YqHJkB,"Be Mine Tonight","Be Mine Tonight","Breakbot;Delafleur",2020-03-13,170466,40,false,brunocaivanophy,2021-09-25T18:32:37Z,"house francés,nu disco","Ed Banger Records",0.754,0.658,9,-6.059,0,0.0551,0.128,0.0000249,0.124,0.728,116.044,4
spotify:track:6RZ9lSor7Nfku3SrI8r4V5,"Crawl Space","Crawl Space","Art Farmer",1977,531453,24,false,brunocaivanophy,2021-09-30T18:50:41Z,"hard bop,jazz,cool jazz,bebop,baladas de jazz","CTI",0.561,0.593,5,-12.329,0,0.0581,0.848,0.853,0.0815,0.915,176.455,4
spotify:track:1iA4JW1NzmcYNG8ZASIjdH,"When I'm Gone","At Peace with Woman","The Jones Girls",1980,288720,34,false,brunocaivanophy,2021-10-04T18:27:02Z,"soul de Filadelfia,post-disco,quiet storm,soul clásico","Legacy Recordings",0.742,0.646,7,-9.86,1,0.0698,0.216,0.00028,0.408,0.619,95.583,4
spotify:track:18kqtvnINk0hDD1Tzdsf1q,"September Rain","Ｆｉｒｓｔ Ｌｉｇｈｔ","Makoto Matsushita",1982,272000,15,false,brunocaivanophy,2021-10-07T20:57:29Z,"city pop,jazz fusión,r&b japonés","WM Japan",0.671,0.371,9,-9.449,0,0.0275,0.553,0.0012,0.248,0.259,124.328,4
spotify:track:4rod2JetYqtehtIeTNh2td,"Love Will Keep Us Together","In the Hand of the Inevitable","James Taylor Quartet;Alison Limerick",1995-01-01,368373,34,false,brunocaivanophy,2021-10-11T18:22:59Z,"acid jazz,jazz funk,soul jazz,nu jazz,jazz fusión,house de chicago,acid house","Acid Jazz",0.716,0.651,6,-13.626,1,0.0528,0.0142,0.00296,0.061,0.926,108.405,4
spotify:track:2HARPm6aXw19rpIcnbO1cO,"Find Yourself","Livin' For The Beat","Bobby Broom",1984-10-08,356786,24,false,brunocaivanophy,2021-11-05T17:47:56Z,"baladas de jazz","Legacy Recordings",0.89,0.729,7,-9.645,1,0.13,0.704,0.35,0.0668,0.912,111.691,4
spotify:track:6W1CYXq9pGEnNNCCW62xu8,"Comingback","Day/Night","Parcels",2021-11-05,311240,49,false,brunocaivanophy,2021-11-12T03:32:06Z,"indie soul","Because Music",0.526,0.719,9,-8.689,0,0.0367,0.769,0.0113,0.0906,0.223,141.909,4
spotify:track:3ESNz6kwXMCzCBG8F6uiwR,"Open Up","Real People","CHIC",1980-06-30,233626,40,false,brunocaivanophy,2021-12-06T03:26:55Z,"disco,funk","Rhino Atlantic",0.606,0.794,4,-6.602,0,0.0592,0.0632,0.861,0.0982,0.803,101.231,4
spotify:track:1ESgUlVVvucBkaLWMMoLIB,"Just Chillin' Out","'Nard","Bernard Wright",1981-07-17,274546,24,false,brunocaivanophy,2021-12-06T03:26:57Z,"post-disco","Cherry Red Records",0.856,0.697,7,-7.03,1,0.148,0.0341,0.00000386,0.0729,0.556,118.134,4
spotify:track:6byGMdwFLHl4KNAk9i7Dom,"Open Sesame (Groove With The Genie) - 12"" Special Disco Version","Open Sesame (Expanded Edition)","Kool & The Gang",1976-10-01,524066,32,false,brunocaivanophy,2021-12-08T00:15:40Z,"disco,funk","Island Def Jam",0.704,0.854,11,-7.986,0,0.0511,0.0911,0.0398,0.111,0.616,119.84,4
spotify:track:2LUTN2pDXUplYlc7WjE1Mm,"Money (with Tom Misch)","Money","Michael Kiwanuka;Tom Misch",2019-06-18,291568,56,false,brunocaivanophy,2021-12-24T21:40:47Z,"soul,indie soul","Polydor Records",0.774,0.419,4,-9.649,0,0.0758,0.539,0.0698,0.029,0.644,118.008,4
spotify:track:5ETM3aBrDf45TWg9AgnWQD,"Black Nostaljack AKA Come On","Uptown Saturday Night","Camp Lo",1997-01-28,251960,38,false,brunocaivanophy,2022-02-07T00:05:10Z,"East Coast hip hop,jazz rap,hip hop vieja escuela","Arista",0.755,0.751,0,-7.631,1,0.273,0.00654,0,0.0582,0.381,93.058,4
spotify:track:2J7xJcaxx8IuhAheIjDzdz,"No Limit","Breakwater","Breakwater",1978,255826,26,false,brunocaivanophy,2022-07-19T20:20:17Z,"post-disco","Arista/Legacy",0.646,0.666,1,-12.691,1,0.0465,0.125,0.0000154,0.062,0.73,109.175,4
spotify:track:7EiEetx9lInKSkUiU5v5BN,"アイズ・オブ・ザ・マインド","MAKE UP CITY","CASIOPEA",1980,357466,29,false,brunocaivanophy,2022-07-20T05:34:49Z,"jazz fusión,city pop,jazz funk,jazz","Sony Music Direct (Japan) Inc.",0.66,0.728,8,-7.343,1,0.0331,0.00203,0.823,0.327,0.937,115.039,4
spotify:track:46pED9ZIF0nS45FGb5xIyQ,"Forever More","Love Approach (Bonus Track)","Tom Browne",1980-02-01,201893,34,false,brunocaivanophy,2022-07-20T05:37:02Z,"jazz funk,post-disco,funk","Arista/Legacy",0.682,0.57,3,-7.273,0,0.0985,0.0815,0.844,0.0756,0.786,105.895,4
spotify:track:1AraJwhrbfSkVzTrfz0zIX,"Hood Pass Intact","Hood Pass Intact","DāM-FunK;MC Eiht",2010,286200,11,false,brunocaivanophy,2022-07-25T18:33:04Z,"g-funk,funk,West Coast hip hop,rap gangster","Stones Throw Records",0.785,0.642,2,-12.607,1,0.157,0.206,0,0.0745,0.699,103.698,4
spotify:track:1Uj2yJKcIdNHcQu4DMr6cX,"777-9311","What Time Is It?","The Time",1982-08-24,485400,43,false,brunocaivanophy,2022-08-15T04:14:59Z,"funk,funk rock,post-disco","Warner Records",0.819,0.631,6,-11.291,0,0.112,0.00939,0.00217,0.0261,0.776,123.215,4
spotify:track:7KMILVTQdVS4zQ8ilTcpRO,"Theme From Shaft - Remastered 2009","Shaft (Deluxe Edition)","Isaac Hayes",1971,279200,56,false,brunocaivanophy,2022-08-15T04:27:31Z,"soul,soul clásico,funk","Stax",0.487,0.716,9,-17.689,0,0.0463,0.233,0.00445,0.113,0.819,120.795,4
spotify:track:0oZiK5HCMPn241PbUCslkF,"Bop Gun (One Nation) - Radio Edit","Greatest Hits","Ice Cube;George Clinton",2001-12-04,287080,43,false,brunocaivanophy,2022-08-15T05:56:49Z,"hip hop vieja escuela,rap gangster,West Coast hip hop,g-funk,hip hop,funk","Priority Records",0.891,0.837,6,-5.402,1,0.0638,0.283,0,0.412,0.767,103.05,4
spotify:track:27fCGQ5EGQ6ZwsTGbZnN5F,"Let's Get Together","Jaye P. Morgan","Jaye P. Morgan",1976,232626,22,false,brunocaivanophy,2022-09-15T20:18:38Z,"yacht rock,aor","WeWantSounds",0.733,0.551,7,-11.322,1,0.0828,0.00834,0.0000723,0.13,0.91,110.462,4
spotify:track:1zyqa3Hv2KpCGz8L9AirJi,"Games","Niice 'N Wiild","Chuckii Booker",1992,325600,49,false,brunocaivanophy,2022-09-29T19:53:06Z,"new jack swing,quiet storm","Rhino Atlantic",0.642,0.422,10,-13.782,0,0.046,0.0393,0.0101,0.107,0.642,185.834,4
spotify:track:2XtLmRzZSkNOXGRPgae8MA,"Tutto va bene quando facciamo l'amore","Tutto va bene quando facciamo l'amore (Remixes)","Alex Rossi;Jo Wedin",2019-09-20,205592,49,false,brunocaivanophy,2022-12-20T08:53:20Z,"disco italiano","Kwaidan",0.822,0.709,10,-6.808,0,0.0412,0.0231,0.00703,0.0736,0.829,120.01,4
spotify:track:2nAEYxNIEC5vh1HrLUbH7L,"Black Tame","Don't Go Tellin' Your Momma","Topaz Jones",2021-04-23,252373,44,false,brunocaivanophy,2022-12-22T07:17:46Z,"","New Funk Academy / Black Canopy",0.627,0.81,11,-4.971,1,0.284,0.314,0,0.546,0.637,100.136,4
spotify:track:0DkpnbiHYv3tbhzL6HHxZQ,"1-800-HITMYLINE","1-800-HITMYLINE","Stevedreez",2021-04-23,214438,35,false,brunocaivanophy,2022-12-22T07:11:11Z,"","stevedreez",0.913,0.433,7,-8.68,1,0.0925,0.02,0.454,0.0767,0.545,113.978,4
spotify:track:0N2roHDNPO5wQzdhRW4hne,"A Chunk of Sugar","The Many Facets Of Roger","Roger",1981,332226,31,false,brunocaivanophy,2023-01-03T10:05:43Z,"funk,post-disco","Rhino/Warner Records",0.816,0.762,7,-3.505,1,0.0359,0.185,0.00235,0.0806,0.708,118.705,4
spotify:track:4HLVuXheyiKJ0URSBka2Cn,"So Ruff, so Tuff","The Many Facets Of Roger","Roger",1981,292600,39,false,brunocaivanophy,2023-01-03T10:06:27Z,"funk,post-disco","Rhino/Warner Records",0.915,0.768,1,-4.52,1,0.0706,0.278,0.00272,0.0628,0.814,111.381,4
spotify:track:0WGeXUrnyw9IxOe1subKl4,"Touch Me Love","A Whole New Thing","Billy Preston",1977-07-14,202386,1,false,brunocaivanophy,2023-01-08T00:01:44Z,"motown","A&M",0.618,0.552,11,-12.037,1,0.0482,0.123,0.00808,0.0747,0.826,115.938,4
spotify:track:0l6kqhSVD3n4E0gkH9X7C2,"Party In Me","Capitol Disco","Gene Dunlap",2007-06-08,245880,35,false,brunocaivanophy,2023-01-16T13:41:42Z,"post-disco,disco","Parlophone UK",0.725,0.704,7,-11.237,1,0.239,0.084,0.0000533,0.077,0.718,112.752,4
spotify:track:6sryieKkbyNgKw9kqItGkp,"I GO CRAZY","Chinese Wall","Philip Bailey",1985-03-20,289600,10,false,brunocaivanophy,2023-01-27T18:52:16Z,"yacht rock","Columbia",0.796,0.724,7,-12.987,1,0.0464,0.225,0.0654,0.29,0.568,118.013,4
spotify:track:5iVxHPyHVO7vWSDnRpNH5d,"Risin' to the Top","Changes (Expanded Edition)","Keni Burke",2014-06-27,313745,52,false,brunocaivanophy,2023-01-31T21:22:46Z,"post-disco","Legacy Recordings",0.729,0.54,0,-9.33,0,0.0606,0.189,0.000208,0.14,0.815,94.071,4
spotify:track:3ygN4c2fMh28Z7jy6RWEXK,"Hang Tight","Changes (Expanded Edition)","Keni Burke",2014-06-27,251053,32,false,brunocaivanophy,2023-01-31T21:29:34Z,"post-disco","Legacy Recordings",0.838,0.499,5,-9.181,0,0.0911,0.323,0.0000128,0.114,0.958,111.915,4
spotify:track:7INi4pMPG4IE0Smx5y4KVf,"Easy Lover","Chinese Wall","Philip Bailey;Phil Collins",1985-03-20,304506,68,false,brunocaivanophy,2023-02-24T11:21:00Z,"yacht rock,soft rock","Columbia",0.749,0.699,1,-13.108,1,0.0371,0.0674,0.00192,0.0763,0.935,128.904,4
spotify:track:29drzlJamuYPBRh1LPpXM4,"Guile's Theme","Super Street Fighter II Turbo Original Soundtrack","Capcom Sound Team",2013,223560,0,false,brunocaivanophy,2023-04-09T17:54:46Z,"música de videojuegos japonesa,soundtrack","カプコン セルピュータ",0.546,0.738,1,-12.002,0,0.0351,0.3,0.909,0.319,0.961,121.315,4
spotify:track:4FKuIlfFCIcvpg7M2HJhwx,"You & I","Intimate Fonk","Dabeull;HolyBrune",2019-06-18,208898,67,false,brunocaivanophy,2023-04-25T02:29:29Z,"funk,nu disco","Dabeull Records",0.806,0.662,11,-6.265,0,0.0806,0.0322,0.0532,0.119,0.662,115.184,4
spotify:track:1ewaelTFQ4zyNetGxEcB2x,"Glitter Fonk","Cosmic Fonk","Dabeull;HolyBrune",2022-06-24,213815,34,false,brunocaivanophy,2023-04-25T02:36:05Z,"funk,nu disco","Dabeull Records",0.722,0.748,7,-7.015,1,0.0349,0.0586,0.0387,0.382,0.214,115.121,4
spotify:track:00NUowM70GCryxvjHPd26C,"Messages from the Stars","Messages from the Stars","Dabeull;Rude Jude;HolyBrune",2021-05-21,166001,61,false,brunocaivanophy,2023-04-27T22:10:19Z,"funk,nu disco","Dabeull Records",0.743,0.691,0,-6.043,0,0.0613,0.124,0.395,0.169,0.724,113.01,4
spotify:track:22p7tgi6cFVBaH7vAbgcUY,"RIVER'S ISLAND","River's Island","S. Kiyotaka & Omega Tribe",1984-03-21,278160,0,false,brunocaivanophy,2023-06-27T16:53:33Z,"city pop,kayokyoku,j-pop","VAP",0.717,0.893,9,-5.218,0,0.0396,0.141,0.000613,0.359,0.68,107.819,4
spotify:track:2IPX4bhD3hday2Wkvelb2m,"Cali Iz Active","Cali Iz Active","Tha Dogg Pound",2006-06-27,284186,0,false,brunocaivanophy,2023-07-20T16:28:35Z,"g-funk,West Coast hip hop,rap gangster,hip hop vieja escuela","eOne Music",0.678,0.683,11,-2.807,1,0.38,0.135,0,0.519,0.72,103.513,4
spotify:track:5PQ1BBdiurmqzkLcoUiMQ7,"Funky Kind (Gonna Knock It Down)","T.A.P.O.A.F.O.M.(The Awesome Power of A Fully- Operational Mothership)","George Clinton",1996-06-11,336133,16,false,brunocaivanophy,2023-07-23T23:00:57Z,"funk","550 Music",0.842,0.593,10,-7.788,0,0.0934,0.0648,0.0233,0.0833,0.917,91.888,4
spotify:track:7LHfhusSfulgzuiMg7e3Cz,"Cold Blooded","Cold Blooded (Expanded Edition)","Rick James",1983-08-05,359280,46,false,brunocaivanophy,2023-09-17T19:39:59Z,"funk,motown,disco","UNI/MOTOWN",0.939,0.487,10,-7.641,0,0.153,0.0172,0.0124,0.05,0.646,117.637,4
spotify:track:7dBrurv5EhNr29zykxhc71,"Love Collect","The Bendeth Band","David Bendeth",2007-10-12,239420,1,false,brunocaivanophy,2024-05-04T16:22:59Z,"acid jazz,jazz funk,post-disco","type a records",0.705,0.635,9,-8.458,1,0.0509,0.339,0.0014,0.352,0.769,120.866,4
spotify:track:27zykIUXE2L4yaHGSoFucF,"Cool","The Time","The Time",1981-07-29,606266,26,false,brunocaivanophy,2024-06-05T01:04:55Z,"funk,funk rock,post-disco","Rhino/Warner Records",0.79,0.339,4,-16.511,1,0.0614,0.0261,0.0128,0.161,0.869,125.703,4
spotify:track:45XopGhwYSgooiewaZNsSd,"Olhos Coloridos","Sandra de Sá - 1982","Sandra De Sá",1982-01-01,267266,53,false,brunocaivanophy,2024-06-05T21:09:32Z,"MPB,samba","Som Livre",0.842,0.549,5,-10.857,0,0.0447,0.17,0.00122,0.0804,0.967,96.566,4
spotify:track:3x59bNHg2OwyaeHChaixaP,"Gonna Make You Mine","Zagora","Loose Ends",1986-01-01,270333,36,false,brunocaivanophy,2024-07-02T20:18:49Z,"post-disco,new jack swing","EMI Catalogue",0.765,0.584,6,-12.806,1,0.0598,0.313,0.000694,0.111,0.857,105.799,4
spotify:track:3TpUmKBluhNM1oiNHFV7y7,"Never as Good as the First Time","Promise","Sade",1985-11-04,299506,52,false,brunocaivanophy,2024-08-19T19:04:01Z,"","Sony Music UK",0.79,0.559,6,-13.901,0,0.0384,0.0911,0.141,0.0459,0.962,107.627,4
spotify:track:4f94Nu7azEunjiMIxqKBv1,"So Different","Your Place or Mine / So Different","Kinky Foxx",1980-12-17,410893,20,false,brunocaivanophy,2024-09-15T17:04:00Z,"post-disco,funk,boogie","Becket Records",0.673,0.475,8,-14.444,0,0.198,0.0293,0.0000762,0.164,0.93,110.697,4
spotify:track:4kY9LaeKOIKWIqHijtlRZo,"Luxo Pesado","Sla Radical Dance Disco Club","Fernanda Abreu;Felipe Abreu",1990,269771,33,false,brunocaivanophy,2024-09-15T17:05:52Z,"samba,MPB,pop brasileño,rock brasileño","Universal Music Ltda.",0.834,0.56,1,-8.441,1,0.0337,0.0203,0.00107,0.0963,0.788,105.288,4
spotify:track:06G1BCnCULkZwTvKBzn5LV,"Don't Stop - Original Mix","Don't Stop","K.I.D.",2007-12-04,436293,27,false,brunocaivanophy,2024-09-15T17:06:35Z,"post-disco,disco","Nervous Records",0.807,0.827,11,-9.005,0,0.0451,0.301,0.602,0.0296,0.749,113.978,4
spotify:track:4aucsZvxDVSRCALm48ZI1G,"Debora","Seducao","Altay Veloso",1986-01-02,273906,19,false,brunocaivanophy,2024-09-15T17:08:57Z,"","Altay Veloso",0.731,0.616,9,-11.314,1,0.0496,0.642,0.00000879,0.151,0.773,117.526,4
spotify:track:2bZoSHViuk53Z1mx8rD2vM,"I Like What You Do","Natural High","Commodores",1978-01-01,287266,25,false,brunocaivanophy,2024-09-15T17:10:56Z,"motown,soul clásico","Motown",0.638,0.579,5,-13.022,0,0.041,0.126,0.000353,0.0807,0.926,112.02,4
spotify:track:1LIGw6QQXKGyuUClU3BzvY,"Can You Find the Time?","How 'Bout Us (Expanded Edition)","Champaign",1981,243946,22,false,brunocaivanophy,2024-09-15T17:21:29Z,"yacht rock,quiet storm","Legacy Recordings",0.748,0.603,4,-9.896,0,0.0495,0.273,0.00000625,0.298,0.851,114.172,4
spotify:track:5I0jwWnoomt3GU1AtAALLx,"Things Fall Apart - Disco Jam","Only You","Steve Monite",2022-04-22,351339,22,false,brunocaivanophy,2024-09-15T17:28:34Z,"","Soundway Records Ltd",0.722,0.853,4,-8.06,0,0.0525,0.123,0.786,0.0898,0.815,116.174,4
spotify:track:4vcY5g4aaBcAZV91m7nzCC,"Safari Espiritual","Chances","Illya Kuryaki & The Valderramas",2012-10-29,239256,19,false,brunocaivanophy,2025-01-02T15:56:30Z,"rock en español,rock argentino,rock latino,alternativa latina","Ariola",0.459,0.691,2,-5.205,1,0.11,0.0479,0.00000444,0.15,0.878,74.971,4
spotify:track:23VhmMtTtf0RQiaZABF3oS,"Let's Make Love Over","Jose Feliciano","José Feliciano",1981-01-01,251306,3,false,brunocaivanophy,2025-02-15T18:42:10Z,"navidad,bolero,villancicos","UNI/MOTOWN",0.696,0.885,1,-11.592,1,0.0491,0.368,0.0964,0.214,0.702,105.151,4
spotify:track:62cr4T5CnlHhRVPLQQ3Var,"Work It Out","Cory Wong and the Green Screen Band","Cory Wong;Antwaun Stanley",2017-09-22,339975,31,false,brunocaivanophy,2025-03-05T23:05:33Z,"funk,jazz funk,jazz fusión","Cory Wong",0.84,0.726,1,-6.442,0,0.046,0.0171,0.0284,0.0864,0.864,116.003,4
spotify:track:2UfEVKCJkSlcFdkwIEj0Hm,"Genius Of Love","Tom Tom Club","Tom Tom Club",1981,339053,37,false,brunocaivanophy,2025-06-21T04:43:06Z,"","Island Records",0.928,0.594,2,-10.839,1,0.0913,0.127,0.000413,0.0391,0.747,102.878,4
spotify:track:3oUoilK1ME1ssiJAIYYIiN,"Your Satisfaction is Mine","Criterion of the Senses","Ed Motta",2018-09-21,258422,19,false,brunocaivanophy,2025-09-17T17:40:03Z,"MPB,jazz brasileño,rock brasileño,pop brasileño","MustHave/Membran",0.841,0.439,1,-9.794,0,0.0546,0.416,0.0333,0.104,0.644,119.968,4
spotify:track:40YQDJrYZFIP24QVfUi9Ar,"You Know What","Seeing Sounds","N.E.R.D",2008-01-01,270680,65,true,brunocaivanophy,2025-11-07T18:59:33Z,"","The Neptunes",0.802,0.787,8,-5.489,0,0.0399,0.0242,0.000469,0.111,0.942,120.012,4
spotify:track:2ShTGigpI1Me0Vw4RFxk2m,"Cruel Summers Bring FIRE LIFE!!","Cabin In The Sky","De La Soul;Yukimi",2025-11-21,139333,41,true,brunocaivanophy,2025-12-07T01:40:48Z,"jazz rap,East Coast hip hop","Mass Appeal Records",0.716,0.706,1,-5.337,1,0.103,0.0757,0,0.182,0.526,110.025,4
spotify:track:3LvVt55BpDNknEhePKFz8X,"GIVE YOU MY LOVE","GIVE YOU MY LOVE","Toshinobu Kubota",1990-06-21,258666,20,false,brunocaivanophy,2026-01-02T04:55:02Z,"r&b japonés,kayokyoku,j-pop,city pop","Sony Music Labels Inc.",0.657,0.871,9,-11.231,0,0.0487,0.256,0.0000227,0.0717,0.689,108.808,4
spotify:track:73d37abHiwD1eMNPMfuW3W,"The Sound Of Music","Feel The Music","Dayton",1983-01-01,341293,26,false,brunocaivanophy,2026-01-02T04:55:56Z,"post-disco","CAPITOL CATALOG MKT (C92)",0.674,0.749,7,-11.147,1,0.0431,0.105,0.00000203,0.0844,0.685,114.393,4
spotify:track:1SMve8RRwhfTtAiWIvYfAj,"Riding High","Riding High","Faze-O",1977,318360,42,false,brunocaivanophy,2026-01-21T16:05:56Z,"","Rhino Atlantic",0.474,0.892,6,-5.844,1,0.103,0.0524,0.0021,0.0883,0.689,96.91,4
